id,language,name_origin
81b2f4ca4078,control,anglo_other
2550c91e1dfa,control,anglo_other
8b50a414d46d,control,anglo_other
a11744a191cd,control,none
a8cc6194762d,control,none
aaa020ec8815,control,none
9ef6044e7ac1,control,none
cdfbe1925eb4,control,none
50036803aede,control,none
3d534d8406da,control,none
08a254679527,control,none
44e76bd0fbe6,control,none
604c8717d127,control,none
2848ea5e3d8a,control,anglo_other
0a7f39598d62,control,hispanic
2121bb22f5ac,control,none
9331138fcd19,control,none
69333450a3d9,control,none
b32fa4ae0cf0,control,none
3a20e024df9f,control,none
3cdd5d9a46ac,control,none
1773cab96238,control,none
54998ecb3e8a,control,none
3cc1e2463788,control,none
66bdf89a9fba,control,none
0984d0430f6d,control,none
815d809a15f8,control,none
39aaef15fad2,control,anglo_other
6a8d3a98b117,control,none
43d8e635016f,control,none
0616730ad402,control,none
29823d5b0ccb,control,none
f85ebfcb415b,control,none
fa784c6f2813,control,none
ad4fa26976fc,control,none
f740f9b720c1,control,none
03983eac6ffc,control,none
0551f23edc90,control,none
7d7cd9d80808,control,none
2ee0a69147ab,control,none
c6fd7044265a,control,none
fd6b9cb21387,control,none
c2eb0d80734a,control,none
495a0dc7973f,control,none
e4c281d0cb06,control,none
3dfe31376e11,control,anglo_other
9527110a16b6,control,anglo_other
986dfc217bb5,control,none
ed5f025f0ea9,control,none
34ea342f26c9,control,none
1422f1d69c99,control,none
cdd090204907,control,none
2cc42decb313,control,none
4788cc4ddac7,control,none
258bc24be2d5,control,none
7a286a3c1d34,control,none
5000d3781518,control,none
71381f470c1b,control,none
26efbb41ace0,control,none
31fd82023d30,control,none
39df65a4a34a,control,none
f7e6a584031c,control,none
4f577afe1425,control,none
8f2aa94e0f5d,control,none
a9a94a6ede06,control,none
eadd639b9b6f,control,none
2a6ea6e9f7f5,control,none
ee3f705865dd,control,none
1ef2af10c1ca,control,none
3aac226a8ffc,control,none
2286dadbbf46,control,none
dafbc6c880a9,control,none
111e613db695,control,none
4a7f8a54f867,control,none
a29b9b7a04e2,control,none
62dbfb7df8ae,control,none
0b25fd77e069,control,none
3aa896b956b5,control,none
e1b83a09b2c1,control,none
3c55e4f7737f,control,none
d79641d95fd2,control,none
e4d97535f164,control,none
0a079b5f9737,control,none
1e0e94a712db,control,none
4936a1ae284d,control,none
acfceb2a3004,control,none
ed7da5d5f63c,control,none
f3c029d00895,control,none
17658291e1be,control,none
52abe8e2d08a,control,anglo_other
9d9c6fa7b2ef,control,anglo_other
9a9de4866bc7,control,none
ce8535b6754a,control,none
1fb3b9c5ff16,control,none
3bf939195587,control,none
c570d0413459,control,none
e4f306db32ee,control,none
c5fabaa5aaa5,control,none
d3f489163c7f,control,anglo_other
bd33271ddfc2,control,none
eac9079adf75,control,none
754078d414fe,control,none
6f396552b631,control,none
c1226913bafc,control,anglo_other
d78b3b0994ba,control,none
1117e8c528ac,control,none
bb3b96c2ce96,control,none
e04d3ee535e8,control,none
84e2c6974d31,control,none
c97619d238b4,control,none
0343196a76ad,control,none
372049f5b318,control,none
78bdebb3a385,control,none
4909a6b21cf6,control,none
3d3e10e263c9,control,none
f2ecdd2e35a6,control,none
7a9a2bce0e64,control,none
384b894ae004,control,none
59b327170497,control,none
a999a20e8f51,control,none
e0c8baf0419a,control,none
c037d93079e3,control,none
4ad4dc57d90e,control,none
499a170befd3,control,none
348817091588,control,none
dc5fc4fe6dc1,control,none
1ca707a35c1a,control,none
b6b52d5619ed,control,none
4eafa424e7aa,control,none
61400c2d3145,control,none
7e8b8367a69a,control,none
2704850b5204,control,none
76f1edd9e38a,multilingual,hispanic
2c1443b147d8,multilingual,hispanic
b74e3569ce6c,multilingual,hispanic
b4f0e7427fbd,multilingual,none
1f82f8d02d87,multilingual,none
cdfdf041bce0,multilingual,none
ff2e7b9c905f,multilingual,none
f8b8e9c23a3e,multilingual,none
f16138033d24,multilingual,none
0aed818bb115,multilingual,none
5276dbf8b8f1,multilingual,hispanic
f7155b6e4379,multilingual,hispanic
db73614f83d0,multilingual,hispanic
a8698e84b5b5,multilingual,hispanic
6d21008292ee,multilingual,hispanic
bc14004e1a30,multilingual,none
f67851c32740,multilingual,hispanic
fb0bca984ef5,multilingual,hispanic
ce80a1cb5aa4,multilingual,none
19b7652c153e,multilingual,none
e1f57f16f285,multilingual,none
34209444c9af,multilingual,none
ac20b8dcffab,multilingual,none
dfca211a6190,multilingual,none
b6b94cda912d,multilingual,none
dd6c66e84bf8,multilingual,none
2e0b9097e494,multilingual,none
2d327b95e58f,multilingual,hispanic
af6342dbf533,multilingual,hispanic
d01570e5ff44,multilingual,hispanic
45d071abe7cc,multilingual,none
785e01ee530c,multilingual,none
05d5f4cce1ac,multilingual,none
2707d6ef796c,multilingual,anglo_other
347eebd3d998,multilingual,hispanic
b93ba0172a22,multilingual,anglo_other
12b778b2d8c7,multilingual,none
be2eab064bc5,multilingual,hispanic
b63d5bb9e219,multilingual,hispanic
bd3d383e3b88,multilingual,none
cc6749d12d44,multilingual,none
4bef5bc0df2e,multilingual,none
84b1c826b0fd,multilingual,hispanic
a3f93ff97af5,multilingual,none
94e8533ddb53,multilingual,hispanic
58e9565b72bf,multilingual,hispanic
da8ffcade071,multilingual,none
15ae524101f3,multilingual,anglo_other
39361d9d804b,multilingual,none
ca3568cf9a7f,multilingual,none
c0a6df39df2a,multilingual,none
c64a8659b57f,multilingual,none
520bae1514c0,multilingual,none
5ee1005537fc,multilingual,none
cbfc1946088b,multilingual,hispanic
a1e7c35fc77f,multilingual,none
ede8f418ffbe,multilingual,none
9f667d616e2d,multilingual,none
d0db2243d6b4,multilingual,none
c56059515e2b,multilingual,none
afbbe186efd7,multilingual,none
ff2de5e934a6,multilingual,none
d7393131497d,multilingual,hispanic
ba70d06e9208,multilingual,none
f30bbfcd8573,multilingual,anglo_other
3e62021a8752,multilingual,none
c5c40d0e8cf7,multilingual,none
fd0a142c5164,multilingual,none
8db2c536204f,multilingual,none
c55b7f4376d8,multilingual,none
889f847b5533,multilingual,none
e7334c7e47e7,multilingual,none
0c02607fe965,multilingual,none
0bce3e3e02ef,multilingual,none
ddef35eb503c,multilingual,none
324a00ae5a8a,multilingual,none
d49fb6f0c927,multilingual,none
90fcf8e360c3,multilingual,hispanic
83f254378809,multilingual,hispanic
99da91286ab9,multilingual,hispanic
a7c5907f1f8c,multilingual,none
01e7f1e9ac60,multilingual,none
28821fe406e4,multilingual,none
eaa26283f3a0,multilingual,none
54ec49935793,multilingual,none
35963e477e60,multilingual,none
5aa4f82e437b,multilingual,none
10f9b988962c,multilingual,none
e53a8e3a9c95,multilingual,none
946f56c63e73,multilingual,hispanic
c5e207b31b5f,multilingual,hispanic
7f98f2e78516,multilingual,hispanic
5fe72bb471a8,multilingual,none
f613bb01bbfc,multilingual,none
4ec0998e84c3,multilingual,hispanic
70788a823e18,multilingual,hispanic
7ce5a542bd41,multilingual,none
58e3878de1c5,multilingual,hispanic
77a8967c3be7,multilingual,hispanic
99cafec92a24,multilingual,hispanic
4ba12d552499,multilingual,hispanic
e0980f71585f,multilingual,anglo_other
d468a84778e5,multilingual,none
918d53930c0f,multilingual,none
ea7141db5dce,multilingual,hispanic
f5aa939a4bc3,multilingual,hispanic
ab04855a2d2c,multilingual,hispanic
cab5afe6970c,multilingual,none
35017c9c9416,multilingual,none
35f7e5408995,multilingual,none
11cf4db4611a,multilingual,none
ccac04a65bdb,multilingual,none
11ed9833cb1c,multilingual,none
2d5e7db7b52e,multilingual,none
2a0e2a8aacda,multilingual,none
45adee1c62ca,multilingual,none
2c746f48b7a6,multilingual,none
1f24094a0c48,multilingual,hispanic
c34515bf9c2f,multilingual,hispanic
d660e220933f,multilingual,none
8e73d5797463,multilingual,none
80ceb42ae594,multilingual,none
9934ae579419,multilingual,hispanic
45c36a0ed2e3,multilingual,none
09d46e493ef8,multilingual,hispanic
e5a88ff81e07,multilingual,none
630e376e67a0,multilingual,hispanic
34a7c86343a9,multilingual,hispanic
04f3c9f82d55,multilingual,none
7a9bc8242f67,multilingual,none
fdc840d0efe6,multilingual,none
736ab98fc4c4,multilingual,none
40cfb2b66caa,multilingual,hispanic
55458a125598,multilingual,hispanic
7411d2de2ff9,ell_spanish,none
b160820d455b,ell_spanish,none
4ed9aa3bce30,ell_spanish,none
113a112ddece,ell_spanish,none
fb1b9811bd9d,ell_spanish,none
bca86491d170,ell_spanish,none
2e4361d2271a,ell_spanish,none
17c2fd258c9c,ell_spanish,hispanic
1204cabb14ff,ell_spanish,hispanic
d71e80d37034,ell_spanish,none
3972aead5e2e,ell_spanish,hispanic
7cabed5da740,ell_spanish,hispanic
4e52f365af7e,ell_spanish,hispanic
1faa766da227,ell_spanish,hispanic
9b0694ad7e11,ell_spanish,hispanic
bb8504e6cbab,ell_spanish,hispanic
c86518212e0d,ell_spanish,hispanic
7fa15c56c21b,ell_spanish,hispanic
aab14ddf2c67,ell_spanish,none
556155fb3996,ell_spanish,none
ee4a4cd611d5,ell_spanish,none
3fda01dc9e69,ell_spanish,none
469e5c5527f4,ell_spanish,none
af44641e6d87,ell_spanish,none
eda99527fe8c,ell_spanish,none
a38dbb950c75,ell_spanish,none
c60b48367a63,ell_spanish,none
0f7497311c83,ell_spanish,hispanic
d3247bb11c02,ell_spanish,hispanic
fb53fab03650,ell_spanish,hispanic
28e2b75e6319,ell_spanish,none
50097bd9ddb0,ell_spanish,none
5ff32e1f0a19,ell_spanish,none
026ff166c8b0,ell_spanish,hispanic
39f4141d2164,ell_spanish,hispanic
49f740bddf2d,ell_spanish,hispanic
4627524784cb,ell_spanish,none
5011568594e7,ell_spanish,none
67c231837dc0,ell_spanish,none
73e6253cf0cc,ell_spanish,none
447f8d1d8af0,ell_spanish,none
141533da9f68,ell_spanish,none
7675471339be,ell_spanish,none
482431698b59,ell_spanish,none
d945dbea7182,ell_spanish,none
3b657fb800fb,ell_spanish,none
fee9cc80a4e8,ell_spanish,none
fb2a6b8f14d0,ell_spanish,none
c7cd3d0caca6,ell_spanish,none
cae312e0c784,ell_spanish,none
a87dd57129a4,ell_spanish,none
d3e3aa31e5f0,ell_spanish,none
6f181b504299,ell_spanish,none
c0cb13d26599,ell_spanish,none
56f53f27ec7e,ell_spanish,none
7b59ff2a0d81,ell_spanish,hispanic
30acdf716a27,ell_spanish,none
65c2a3031e30,ell_spanish,none
21986462f40f,ell_spanish,none
9cf3c7129635,ell_spanish,none
1e8bf02d1e64,ell_spanish,hispanic
bb7c73079987,ell_spanish,hispanic
55f13f005914,ell_spanish,none
c2669744c0c4,ell_spanish,none
be67d9bba470,ell_spanish,none
29be802e89e7,ell_spanish,none
644115d365ce,ell_spanish,none
b9b9da51cd0b,ell_spanish,none
a13c69105f99,ell_spanish,none
d447412c21cd,ell_spanish,none
7dd02ecb4f25,ell_spanish,none
159881e07f23,ell_spanish,none
dd14649e96d3,ell_spanish,hispanic
9326b1571492,ell_spanish,none
2f261ca0a884,ell_spanish,none
f5a1b094c71c,ell_spanish,none
74afd43fa193,ell_spanish,none
2a4d8e59b367,ell_spanish,none
76f45f6855e0,ell_spanish,hispanic
0d774915cf40,ell_spanish,none
8d91de673e98,ell_spanish,none
80139935243c,ell_spanish,none
862547e55679,ell_spanish,none
c717e4a07f0e,ell_spanish,none
40116e7b42cd,ell_spanish,none
6a48b11ca523,ell_spanish,none
a99e1b1745c4,ell_spanish,none
804d06a86866,ell_spanish,none
20df5fe099ea,ell_spanish,none
1006d658b7d5,ell_spanish,hispanic
af3896feeae1,ell_spanish,none
6d18c0ade816,ell_spanish,none
6cea91d423cd,ell_spanish,none
dbe2dc4e323d,ell_spanish,none
a6f519503ede,ell_spanish,none
6bcf507642ad,ell_spanish,hispanic
2f6028ea4d01,ell_spanish,none
f35309a764a2,ell_spanish,hispanic
023d88d49214,ell_spanish,hispanic
5bd9ffd5a8c1,ell_spanish,none
ea76864ec128,ell_spanish,none
0b41c2889f85,ell_spanish,hispanic
004e16a0b90f,ell_spanish,hispanic
0f540929eae9,ell_spanish,hispanic
0c6639483f55,ell_spanish,none
1e8be624fb81,ell_spanish,none
444031e51cf1,ell_spanish,none
495b56314818,ell_spanish,none
9f07058c0f17,ell_spanish,none
7582661bfcf6,ell_spanish,none
737e8e342b84,ell_spanish,none
a1a4711f1f1c,ell_spanish,none
7e5e32535cfe,ell_spanish,hispanic
4eece6d1366f,ell_spanish,hispanic
4dff9643e38c,ell_spanish,none
dd4a549fb280,ell_spanish,none
e87be40bae1d,ell_spanish,none
28d80f164ebc,ell_spanish,hispanic
69ec0fc1beaa,ell_spanish,none
88d68a5a8a00,ell_spanish,none
544ea7b72b50,ell_spanish,none
a393afb59e7b,ell_spanish,none
11eb9f804304,ell_spanish,none
f6133837b4b4,ell_spanish,none
e575697bad0f,ell_spanish,hispanic
d215bc08cf14,ell_spanish,none
5c0024fc3440,ell_spanish,none
0b6d22a5edd5,ell_mandarin,none
1bb10a999bc1,ell_mandarin,none
ccc26091022b,ell_mandarin,none
957d2487fed3,ell_mandarin,none
678dfeb5f1ec,ell_mandarin,anglo_other
82009e6091e0,ell_mandarin,none
f7b44d730772,ell_mandarin,chinese
7b529808300f,ell_mandarin,chinese
e6d305f5ff64,ell_mandarin,chinese
b8f60412c87d,ell_mandarin,none
58586fa4443b,ell_mandarin,none
a4aef22e0117,ell_mandarin,none
99f068653743,ell_mandarin,none
9a0da6c0b412,ell_mandarin,chinese
868ee38bc8ab,ell_mandarin,chinese
ebfd7798f552,ell_mandarin,chinese
46c0a6e40d9f,ell_mandarin,none
8c1b037465fd,ell_mandarin,none
29953ee47f6b,ell_mandarin,none
5472cbedc35f,ell_mandarin,none
17a4c6e9ba56,ell_mandarin,none
39da01094eff,ell_mandarin,none
9a976535bf02,ell_mandarin,none
02a8d8065f78,ell_mandarin,none
0040e145d97f,ell_mandarin,none
974b5ad3ee45,ell_mandarin,none
c552336f2deb,ell_mandarin,none
308716da2431,ell_mandarin,chinese
4507817f2e7c,ell_mandarin,chinese
618d36abc5be,ell_mandarin,chinese
1ee2fb1de672,ell_mandarin,none
9a3e4845555f,ell_mandarin,none
1bbb7dd079d9,ell_mandarin,none
12d76235d6f4,ell_mandarin,none
53d74af5535a,ell_mandarin,none
f42ccdc7aa58,ell_mandarin,none
241fd300cfc6,ell_mandarin,none
3de2a467ee36,ell_mandarin,chinese
5b77cf9f36d9,ell_mandarin,none
c326981abc5a,ell_mandarin,none
73b84e056e2f,ell_spanish,hispanic
c68a7d12897d,ell_spanish,none
a5947126732b,ell_spanish,none
f836efbc045d,ell_spanish,none
b629a70d9562,ell_mandarin,none
585e664d1b34,ell_mandarin,none
51967fcf8617,ell_mandarin,none
3d076c7505f6,ell_mandarin,none
fcecad57fc00,ell_mandarin,chinese
c0724186febb,ell_mandarin,none
c59a9a2b6d3e,ell_mandarin,none
bd2c3f7449f3,ell_mandarin,none
f9d05a9d65cd,ell_mandarin,none
f27dc0caf7ad,ell_mandarin,none
3ba89fb37432,ell_mandarin,chinese
bf82d65adbb8,ell_mandarin,chinese
554bf449d25f,ell_mandarin,none
19da074b4ef4,ell_mandarin,none
6e9e672fc5d9,ell_mandarin,none
161e639dd7f5,ell_mandarin,none
dd00bfd6b1db,ell_mandarin,none
bbf4b080f76f,ell_mandarin,none
30e4d295ebcd,ell_mandarin,none
6fc1d4737854,ell_mandarin,none
a97719e6039f,ell_mandarin,none
5da4086043dd,ell_mandarin,chinese
304719a27f51,ell_mandarin,chinese
82f7ec1eda92,ell_mandarin,chinese
ccbf86cea3b4,ell_mandarin,none
80a56266fb94,ell_mandarin,none
a595a1c9eaf0,ell_mandarin,none
c70ccc015ea9,ell_mandarin,none
11ebc3edd420,ell_mandarin,none
b76f6fdb3d7b,ell_mandarin,none
7bcf70186281,ell_mandarin,none
c535589978cb,ell_mandarin,none
eda5137c1f1d,ell_mandarin,none
29e7a72bf949,ell_mandarin,chinese
b81233254afd,ell_mandarin,chinese
ef51a4fd1f9d,ell_mandarin,chinese
30cd9c561663,ell_mandarin,none
37b22dde5919,ell_mandarin,none
4f8178426c84,ell_mandarin,none
716922582fc9,ell_mandarin,chinese
3bdde64903e1,ell_mandarin,anglo_other
f1063e99ba95,ell_mandarin,chinese
71ac17ccfa16,ell_mandarin,none
de510c1490e4,ell_mandarin,none
d3c6b44d0ab7,ell_mandarin,none
9c63fb50bb3a,ell_mandarin,none
7dcffdfb0ab3,ell_mandarin,none
281163e9a9ed,ell_mandarin,none
7f2177e996ff,ell_mandarin,none
35b84593eefe,ell_mandarin,none
369bcce62bc0,ell_mandarin,none
23681fdf74d1,ell_mandarin,chinese
23bd3521a03d,ell_mandarin,chinese
51fc55467766,ell_mandarin,anglo_other
ea94fc29c209,ell_mandarin,none
0f8199e6819c,ell_mandarin,none
1f5f3b0a2d3b,ell_mandarin,none
8fa72da3af32,ell_mandarin,none
caa7cb12a4e4,ell_mandarin,none
d810781ebe6b,ell_mandarin,none
c0d2977be104,control,none
f12cde3f4673,control,none
8b2cdd8a67b7,control,none
c3b3d0008b09,control,none
c2694327ef84,control,none
e0ea2a94a3d5,control,none
b4797107b195,control,none
b69f0cc07e21,control,none
bc3df8937acc,control,none
ae36be295452,control,none
c211839b79c7,control,none
468198ef9f3c,control,none
1de4367872c8,control,none
59edcfb67f87,control,none
c937422ecbe2,control,none
d45d56e5b313,control,none
7e6ed023e275,control,none
c3ce30ed7a95,control,none
968271435ec5,control,none
3206e00b4e72,control,none
cf635fe29046,control,none
4bf69e02456c,control,none
ea4ba080b903,control,none
758f6b9dbea5,control,none
30f660c101de,control,none
39d8143eb3a6,control,none
7c09a549be08,control,none
877efdaca1c7,control,none
554cbaa635d6,control,none
4c2b5606d78f,control,none
8a6718297c53,control,none
bbf71af35cef,control,none
982624ae70bf,control,none
1bb00d36dd87,control,none
27ea98a87641,control,none
2007ec7294c8,control,none
62578ea854a8,control,none
93e72b0481fe,control,none
b86e437321cf,control,none
8a92cefcec80,control,none
b20d875648e2,control,none
2fb192598b1a,control,none
8b08b9aac958,control,none
f8134e72b229,control,none
d33d96ec85c3,control,none
6ed3b8d519c6,control,none
036487be08c7,control,none
14e9ee0ba75f,control,none
b284488422e6,control,none
790914b00f1b,control,none
877c50ffde2d,control,none
9c75247e606f,control,none
a70e27f18aea,control,none
920dca6675a0,control,none
5c4c2c612938,control,none
31fe1d7d48d2,control,none
690694247cde,control,none
412843d51622,control,none
b1759587871f,control,none
839f5e944565,control,none
1a174c38f00a,control,none
a47e79d17905,control,none
40d58f6e82e2,control,none
637177709156,control,none
41a801d91c8e,control,none
54dc5fa241d3,control,none
23fd6b8daf08,control,none
88563e474ae3,control,none
ba55f706c6a3,control,anglo_other
d369555170d9,control,none
ee544c1e822f,control,anglo_other
eefe8afebe12,control,none
85140ab8d37d,control,none
cf437f9e0591,control,none
68007f6f2972,control,none
71927c911410,control,none
450405574f40,control,none
d3c9b362f485,control,none
128c87901115,control,none
4616da90b1bc,control,none
8432de2723e7,control,none
d287a1f57899,control,none
30a92026f36a,control,none
7a8dcc14511e,control,none
aec0b6e0145d,control,none
b746783ecc2c,control,none
b8821ba163fc,control,none
bde4f23d976c,control,none
962096fc2298,control,none
1ace27810583,multilingual,none
4f247957986d,multilingual,none
f4785ddb109b,multilingual,none
7a342e6a2d34,multilingual,anglo_other
0c33ada1202d,multilingual,none
0f4d2b784a9b,multilingual,none
74111b3005e9,multilingual,none
235e4e3f50d6,multilingual,none
99891b87b7d3,multilingual,none
ad942ff7da25,multilingual,none
cb8a02ac787e,multilingual,none
82adc97f0736,multilingual,hispanic
624802b5f853,multilingual,none
cfc39a7e21ec,multilingual,none
bba5fdd656a4,multilingual,none
5affc97d3847,multilingual,none
3fd140130552,multilingual,none
d74522d1faf7,multilingual,none
ecb4aeb973b2,multilingual,none
c15851243b9f,multilingual,none
3673d62ff99d,multilingual,none
bd822d8f4d64,multilingual,hispanic
70818f3c07af,multilingual,anglo_other
b627f0c95d57,multilingual,anglo_other
2258103481a2,multilingual,none
4afb96016898,multilingual,none
c65c741bc375,multilingual,none
d47064675ade,multilingual,none
b684a41069a6,multilingual,none
8a0baf9266ec,multilingual,none
4b1119f77adf,multilingual,none
6e12363d0eaa,multilingual,none
04db9e7fbd75,multilingual,none
3fea0326ac80,multilingual,none
52ecf19e5ebd,multilingual,hispanic
adf9e7366b0e,multilingual,none
986b4ac5940c,multilingual,none
357d058bee43,multilingual,none
f87170827c41,multilingual,none
ff800c8f9ad2,multilingual,none
9449f2b894be,multilingual,none
009255785ebd,multilingual,none
3532d244dc62,multilingual,none
216a16e3edfc,multilingual,none
5e416073ac5c,multilingual,none
546203dabb72,multilingual,none
c9dca9e25c31,multilingual,none
1372d98bf930,multilingual,none
e90bc9f7a9ab,multilingual,none
02e4de21dbc6,multilingual,none
9efd1d7c50ba,multilingual,none
89230e6108a3,multilingual,none
35b797102042,multilingual,none
4bae96e404bc,multilingual,none
3f0cc385eb3f,multilingual,none
a0c1c33ef180,multilingual,none
7b0f983a3be4,multilingual,none
022c764ee792,multilingual,none
3070e229acf8,multilingual,none
506ea59407aa,multilingual,none
347be64f1031,multilingual,none
d971963e3ad0,multilingual,hispanic
d301f9ebfb2c,multilingual,none
118096705086,multilingual,none
b2a4552f4e6e,multilingual,none
889e599c179f,multilingual,none
15d35b0aef1d,multilingual,anglo_other
14dbbf9d7039,multilingual,none
7096fe25dcfb,multilingual,none
f25a6808589a,multilingual,anglo_other
fdc00c9bca52,multilingual,hispanic
0b5f808793d6,multilingual,anglo_other
9314f9441544,multilingual,none
361610986d44,multilingual,none
eaf398abfe69,multilingual,none
0cd4d72bd35a,multilingual,none
a325b8691bf1,multilingual,none
6649033ff9b0,multilingual,none
55596d9a6525,multilingual,none
1c66d7af2629,multilingual,none
12e660690299,multilingual,none
7d2e5ce10401,multilingual,none
25b1ad107dff,multilingual,none
0ae0a741d98a,multilingual,none
1126ff986b49,multilingual,none
0810bc912599,multilingual,none
27b26e18002d,multilingual,none
f8c28f0f4158,multilingual,hispanic
b6a2a06788f2,multilingual,none
4d48cfca526a,multilingual,none
15a9a0163264,ell_spanish,none
831e1f0a73fc,ell_spanish,none
b13d838e0a84,ell_spanish,none
089ee8b95ea4,ell_spanish,none
ee52c46eaee7,ell_spanish,none
0fc3ce744e76,ell_spanish,none
1b177404758d,ell_spanish,hispanic
5b39110563a3,ell_spanish,hispanic
1403e2fe904b,ell_spanish,hispanic
eda54b3af6b3,ell_spanish,none
825cc0b87141,ell_spanish,hispanic
ae39a23e9dc0,ell_spanish,none
fc216a6aca4e,ell_spanish,none
2b1fb1713306,ell_spanish,none
ea66ea6c14ee,ell_spanish,none
d173afab8311,ell_spanish,none
b7d8c1de6ec0,ell_spanish,none
eb34d710efad,ell_spanish,none
7dc9db042e1b,ell_spanish,none
c8bc23e7d576,ell_spanish,none
d1c282d9f146,ell_spanish,none
ac2dd905fce1,ell_spanish,hispanic
2bce311f0e6d,ell_spanish,hispanic
1ae0bb22c314,ell_spanish,hispanic
da1f172316f2,ell_spanish,none
243bbf050397,ell_spanish,none
dfef2953ea3b,ell_spanish,none
081d241a8579,ell_spanish,none
bb97e408698d,ell_spanish,none
0e859bdf3be6,ell_spanish,hispanic
143dcef9832c,ell_spanish,none
df7e52122f6e,ell_spanish,none
5a3a6b2dce14,ell_spanish,none
d5c78b49c774,ell_spanish,none
589e99b1c0a4,ell_spanish,none
bf78c1581bfc,ell_spanish,none
869fe78a73bb,ell_spanish,none
2386a9e3f3af,ell_spanish,none
256f0825267d,ell_spanish,none
62ff460e463d,ell_spanish,none
c7c1359172e8,ell_spanish,none
39e089c3214a,ell_spanish,none
a2415caaa7e0,ell_spanish,none
50e07f1ffd30,ell_spanish,none
5a2486a585c1,ell_spanish,none
30d8c79a5d4b,ell_spanish,none
16f39b560197,ell_spanish,none
6fe23bee2a24,ell_spanish,none
c8202e4ae4f4,ell_spanish,none
c49ca17d5bed,ell_spanish,none
96611a8d9ca3,ell_spanish,none
4ef2808b8404,ell_spanish,none
a1c0ecbc757c,ell_spanish,none
2cb8829f74c8,ell_spanish,none
b36c5b48bb4d,ell_spanish,none
da46d43192f5,ell_spanish,none
224a3b42ca2c,ell_spanish,none
01f8b6f572a7,ell_spanish,none
c36fb750faff,ell_spanish,none
4da2d3738c55,ell_spanish,none
46cdef00ea90,ell_spanish,none
82bd46543b8c,ell_spanish,none
0fa750e8a6dc,ell_spanish,none
fa5aa0ec2b00,ell_spanish,none
7cf431bc3c5a,ell_spanish,hispanic
d7f2b65a8006,ell_spanish,none
f817a95a1cb0,ell_spanish,hispanic
1918de7a3908,ell_spanish,none
c99d2617b64c,ell_spanish,hispanic
d53abf5b31b6,ell_spanish,none
ed7874332d3b,ell_spanish,hispanic
a91ca229a76c,ell_spanish,hispanic
267f6038f65d,ell_spanish,none
0702070b9f75,ell_spanish,none
bdbd6fb0ecc6,ell_spanish,none
89d9b50c1b82,ell_spanish,none
d64216fd0937,ell_spanish,none
68b3168dace4,ell_spanish,none
91f253661960,ell_spanish,none
7c1847740a97,ell_spanish,none
a3f05f31fb8a,ell_spanish,none
253f07737b92,ell_spanish,none
0a55631d91a4,ell_spanish,none
74d51896791f,ell_spanish,none
3f0b9ee23a54,ell_spanish,none
844240ed02ed,ell_spanish,none
f13d3a007ad5,ell_spanish,none
b6612ff72b0e,ell_spanish,none
867a91925227,ell_spanish,none
bef6c76b448a,ell_spanish,none
18aefe886312,ell_mandarin,none
03dc8d885898,ell_mandarin,none
2135c2931f79,ell_mandarin,none
54330bbbded5,ell_mandarin,chinese
6018257a3422,ell_mandarin,chinese
0e9cd6d6ad2e,ell_mandarin,chinese
5eb66dc167b7,ell_mandarin,none
96bfaa87a727,ell_mandarin,none
3988bd4844a8,ell_mandarin,none
ddcbe31bfeda,ell_mandarin,anglo_other
ea4577fde3b1,ell_mandarin,anglo_other
09776f9cfdf1,ell_mandarin,chinese
7604eb723419,ell_mandarin,none
4e3ee2b48aeb,ell_mandarin,none
b6622fb13190,ell_mandarin,none
0df3cada6c26,ell_mandarin,none
e7bf1fe7ef73,ell_mandarin,none
a27d35829dbe,ell_mandarin,none
5112eff7905f,ell_mandarin,none
3e52c3494a81,ell_mandarin,none
a27826f782b1,ell_mandarin,none
217fba965479,ell_mandarin,chinese
908155941177,ell_mandarin,chinese
3d5a8a57ddbb,ell_mandarin,chinese
25144ab7a354,ell_mandarin,none
c2b753d9f302,ell_mandarin,none
47d4b6b5d884,ell_mandarin,none
39f59a12ba5e,ell_mandarin,none
8cc5d830c072,ell_mandarin,chinese
a1c2afd68a9d,ell_mandarin,none
2e5e33b2fda1,ell_mandarin,none
9f8c861cf488,ell_mandarin,none
6b5be9470fb4,ell_mandarin,none
997e15239182,ell_mandarin,none
e45c0479cbec,ell_mandarin,none
ac6b7036c975,ell_mandarin,none
9e235d7abc07,ell_mandarin,none
171d27100ca3,ell_mandarin,none
fd322ace8642,ell_mandarin,none
123484d418c2,ell_mandarin,anglo_other
dea27f2bf6a6,ell_mandarin,none
cac638563589,ell_mandarin,none
7de2f9323fa0,ell_mandarin,none
3d1f37980b49,ell_mandarin,none
af41f5292fd5,ell_mandarin,none
31994fd71148,ell_mandarin,none
5af7eb4b9509,ell_mandarin,none
84750f3ebe24,ell_mandarin,none
31d1d132f0ba,ell_mandarin,none
c461b9564434,ell_mandarin,none
55ca6a92654d,ell_mandarin,none
7b939b1a63ff,ell_mandarin,chinese
6938ddf9a258,ell_mandarin,chinese
75b5446ee0c0,ell_mandarin,chinese
3fa962f41205,ell_mandarin,none
8794320a1609,ell_mandarin,none
e21054c9c464,ell_mandarin,none
d1792a4b72e8,ell_mandarin,none
47b26518279f,ell_mandarin,none
d993f7ef5292,ell_mandarin,none
5e381bb9e289,ell_mandarin,none
2cd146ab0cc2,ell_mandarin,none
d5ec66f4432b,ell_mandarin,none
016971315c4e,ell_mandarin,chinese
7ba74c6ca0ea,ell_mandarin,chinese
d7e1601e07ff,ell_mandarin,chinese
4c3e8d83ec0a,ell_mandarin,none
ba502a4a035e,ell_mandarin,none
1993a4472bc2,ell_mandarin,none
a1d32ca2ffc1,ell_mandarin,anglo_other
8be3408fd260,ell_mandarin,chinese
d5d5bd75d7ec,ell_mandarin,chinese
bc57aa77257a,ell_mandarin,none
186e2b7e1e43,ell_mandarin,none
fa44be097216,ell_mandarin,none
6dd4d11f6989,ell_mandarin,none
6fbf3e675701,ell_mandarin,none
4108a1e6e0ea,ell_mandarin,none
ba285f4dd04c,ell_mandarin,none
af67a847566e,ell_mandarin,none
08e3f595cd55,ell_mandarin,none
549ac67c39b9,ell_mandarin,chinese
f9bec1d0d1a4,ell_mandarin,none
fa0b634957eb,ell_mandarin,chinese
8c03d0b383ef,ell_mandarin,none
0cc26909aaab,ell_mandarin,none
29d5468ffa19,ell_mandarin,none
100921a48c97,ell_mandarin,chinese
658c1d2d913b,ell_mandarin,none
12157ff6056d,ell_mandarin,none
f5d80a32f997,control,none
7157ce055eb0,control,none
47318ca65a9d,control,none
f7c8786e4909,control,none
8e47e8d5e4d9,control,none
81beffd5724d,control,none
05903f1a157a,control,none
4b4a09edbe56,control,none
cb3ae0e0de25,control,none
a3b478232092,control,none
890a84807b04,control,none
179260ce93ed,control,none
5f7e4a734be7,control,none
7cf526d9416b,control,none
ecbf7ec8688e,control,none
fd4466a9836b,control,none
0aec439aef1e,control,none
c4795d9c26a1,control,none
ff602c6f6cc6,control,none
b88436cef548,control,none
72e4dd04895f,control,none
f59ce624495b,control,none
db30d29b4350,control,none
b5f5f0b57f76,control,none
5573d5680aac,control,none
f8fdce617151,control,none
85df044da621,control,none
f6244e96f660,control,none
1e6642ac1ea7,control,none
a2abd7d0c29f,control,none
535fbe358fe2,control,none
2c618bc88bbf,control,none
e0f719f552ea,control,none
623869d52ca7,control,none
1a975ad47607,control,none
f4ce6f82546c,control,none
d56ea126fb08,control,none
3f2575f844aa,control,none
8eeac1b19133,control,none
732913046dc5,control,none
25318958e87c,control,none
d961f075da2c,control,none
dea91b905e74,control,none
ba9c20562874,control,none
7abce103e250,control,none
e1caaae2606f,control,none
a3b6eb27d83f,control,none
22e35b48cc09,control,none
156d57f894db,control,none
26d85f781f7f,control,none
cb9257367867,control,none
239a4eab2319,control,none
4527bc2b8f34,control,none
fe0b850bb210,control,none
4b2284464314,control,none
eeb4bf88f23d,control,none
edd65e52e332,control,none
79b90686f726,control,none
d9ff990c7b4f,control,none
f3b69a51b8d9,control,none
4998aa799d1d,control,none
b1301908be28,control,none
a7de3f2461c9,control,none
dc2fe7c8f265,control,none
bd35bf4ebb8f,control,none
53380342a4b1,control,none
da617b68add0,control,none
03ea393a6be6,control,none
e11462f417f8,control,none
f7b952cf1a99,control,none
a22c8470e175,control,none
70e6c0ef9c0d,control,none
950906c0932e,control,none
198899b422be,control,none
c1f68592f091,control,none
95c68d1b2178,control,none
4a9873da9966,control,none
e1ad4cd7602b,control,none
7eec953e6e9f,control,none
8f09fad14802,control,none
cea4aea16746,control,none
a79b2fafafe2,control,none
d112cb0718b0,control,none
56be8ad56f73,multilingual,none
912b01b3ad4d,multilingual,none
58e70d0f7f13,multilingual,none
f14c72f0244a,multilingual,none
07b86707e9ca,multilingual,none
52f1cbd3d117,multilingual,none
c151a63cab0c,multilingual,none
224d68100f13,multilingual,none
e7ba7a3ae9b2,multilingual,none
1624808277bf,multilingual,hispanic
1d4713cf9198,multilingual,hispanic
bacea849ea1c,multilingual,none
bf245167104d,multilingual,none
9a11bff8b077,multilingual,none
928ffa72cf1e,multilingual,none
831589ec564d,multilingual,none
a832d46cb3cd,multilingual,none
7c94caa4686c,multilingual,none
15ece9adc1f3,multilingual,none
c6b1e2c02a5a,multilingual,none
eeb1ad50ff02,multilingual,none
88c0d19b8540,multilingual,none
b0df2551e2c5,multilingual,hispanic
f2c37d32d89b,multilingual,none
2eb291cede7e,multilingual,none
6bf156cf5f27,multilingual,none
ee7dfe70e032,multilingual,none
7c867a26dc84,multilingual,none
34219905ddf1,multilingual,none
9e3b7542ed51,multilingual,none
e896a343d478,multilingual,none
05f1ce95be59,multilingual,none
a0cbe255004b,multilingual,none
e48f8c0aceb1,multilingual,none
768587c396df,multilingual,none
56f879b66f7e,multilingual,none
cec09642fc38,multilingual,none
92c9a89b4bf0,multilingual,none
dda93eccbc9b,multilingual,hispanic
a9272e75077b,multilingual,none
32303445f3d4,multilingual,none
c8aa4bfb0159,multilingual,none
5592d311b616,multilingual,none
47d09caea5b8,multilingual,none
0b81fe621c0e,multilingual,none
40a0c893e462,multilingual,hispanic
6b9ff289f314,multilingual,none
f9ce9d9edad6,multilingual,none
b16e4a71d9a4,multilingual,none
7eca849cd2b9,multilingual,none
456a6704eb56,multilingual,none
55904ef92ae3,multilingual,hispanic
0633c22d9a01,multilingual,none
07cbbe7bba8c,multilingual,none
830af45f55b4,multilingual,none
3bd26268b107,multilingual,none
a35233af9d65,multilingual,none
a811a10c5f54,multilingual,none
b2e9af95d573,multilingual,none
bf1222cca54e,multilingual,none
8343346fbe21,multilingual,none
c70d540687f8,multilingual,none
6fe3e3ea0c5f,multilingual,none
336a8c0e5152,multilingual,hispanic
1470c24e5321,multilingual,hispanic
34558060a522,multilingual,anglo_other
5ac6bee376e7,multilingual,none
709af6109231,multilingual,none
cbde35f2ae83,multilingual,hispanic
d8bd1fabf2df,multilingual,hispanic
e246536033d3,multilingual,anglo_other
121bb4021f08,multilingual,none
31a24a4f5fc8,multilingual,none
42d208932b2b,multilingual,none
5726fe665912,multilingual,none
6250a9561cf3,multilingual,none
6de2fea81bba,multilingual,none
3fb89945b4e8,multilingual,none
0a74c6a36f9e,multilingual,none
873e94d9087e,multilingual,none
110260f6587f,multilingual,none
f1afc72adb0b,multilingual,anglo_other
3fc1c7390522,multilingual,none
5a3688b9feb9,multilingual,none
d7aa1492d97a,multilingual,none
8aa9a3fc0a58,multilingual,none
6f162169176b,multilingual,none
22213254b09c,multilingual,none
8bf702c6f390,multilingual,none
4ee135d59a7d,ell_spanish,none
368a156676a1,ell_spanish,none
a093309ad312,ell_spanish,none
784a8b637be9,ell_spanish,none
efb278a1bd79,ell_spanish,none
d47f6aa22747,ell_spanish,none
9c32b7aff39c,ell_spanish,hispanic
3d276e56f824,ell_spanish,hispanic
919e33c9581b,ell_spanish,none
f909dd4fdb10,ell_spanish,none
d81300017562,ell_spanish,none
1c58c3777c52,ell_spanish,hispanic
043e5f1535c5,ell_spanish,none
0f6bd6f4e55b,ell_spanish,none
d5c54b9dd6ae,ell_spanish,none
c163698a1a75,ell_spanish,none
d4c572f20504,ell_spanish,none
dbb26dedb348,ell_spanish,none
70a32249cb8d,ell_spanish,none
4792f32a4649,ell_spanish,none
bdc8ae381f6e,ell_spanish,none
e655ac81ae39,ell_spanish,hispanic
83d6e8e332da,ell_spanish,hispanic
1f4724ac2a2c,ell_spanish,hispanic
ee8632df9d8a,ell_spanish,none
07e963f3e3c1,ell_spanish,none
fa273b19dbdc,ell_spanish,none
89b909646a38,ell_spanish,none
ed27dae7e4a2,ell_spanish,none
fa37db70aea4,ell_spanish,none
11ecd67001f5,ell_spanish,none
19933412f71f,ell_spanish,none
e784cbe21e2f,ell_spanish,none
7f8956695a1f,ell_spanish,none
8bd40d5ab6d2,ell_spanish,none
dbeb58c28200,ell_spanish,none
37c97ed74a17,ell_spanish,none
030abb5e737b,ell_spanish,none
eebca8b6f56e,ell_spanish,none
289ae911fd50,ell_spanish,none
1d92f983afb7,ell_spanish,none
c7058e8ff104,ell_spanish,none
6ba9c47e149f,ell_spanish,none
9ae73be56416,ell_spanish,none
8eda82768422,ell_spanish,none
6fb489a5759e,ell_spanish,none
aba3001ee1f4,ell_spanish,none
19830f226be6,ell_spanish,none
a7948752052c,ell_spanish,none
54b55829deb3,ell_spanish,none
40c3b7f9600b,ell_spanish,none
4cfba7c544c4,ell_spanish,none
ca44349aaa83,ell_spanish,none
22fc1fc05fd7,ell_spanish,none
5aa7a7928e2d,ell_spanish,none
c85a69e0923c,ell_spanish,none
1fbb65a70d1f,ell_spanish,none
0bd8f7d7ead1,ell_spanish,none
51a20a718540,ell_spanish,none
91d36267c442,ell_spanish,none
e2f4c07a7625,ell_spanish,none
4c11f9ce9960,ell_spanish,none
332a121868fa,ell_spanish,none
7bcdea974890,ell_spanish,none
e6fbcc4e7764,ell_spanish,none
aaa414f10d5f,ell_spanish,none
97620cf33bf4,ell_spanish,hispanic
cc00fb51775a,ell_spanish,hispanic
e3be82e2a378,ell_spanish,hispanic
b8cb2dd10c02,ell_spanish,hispanic
bb06d321a0f3,ell_spanish,none
c24fc7ff530c,ell_spanish,hispanic
d4d4d7f620f6,ell_spanish,none
e9030f2257f3,ell_spanish,none
d8353c536880,ell_spanish,none
758a36400ea6,ell_spanish,none
741a1bbc5d0a,ell_spanish,none
9d867555aefb,ell_spanish,none
0a46c46f46e3,ell_spanish,none
6f1e5ac32bff,ell_spanish,none
7b05f68505bf,ell_spanish,none
8efc71c388a1,ell_spanish,anglo_other
29fd92c49145,ell_spanish,hispanic
235f5093bd07,ell_spanish,hispanic
c836d329f067,ell_spanish,none
f683ca1d9606,ell_spanish,none
41d8d43f932b,ell_spanish,none
3416387aa3ce,ell_spanish,hispanic
a6e3f0826417,ell_spanish,hispanic
0a66c5ed2f74,ell_spanish,hispanic
5005bba60d6e,ell_mandarin,none
8e42085bf3bf,ell_mandarin,none
63484ece9029,ell_mandarin,none
32f215233a5d,ell_mandarin,none
41f4bb649717,ell_mandarin,chinese
dfbf89709f85,ell_mandarin,chinese
fc9c745886df,ell_mandarin,none
f3df39bf1255,ell_mandarin,anglo_other
64ded0ae2eab,ell_mandarin,none
a48247370a60,ell_mandarin,anglo_other
e31b0bcf5db8,ell_mandarin,none
2421951fb241,ell_mandarin,chinese
992a429774a6,ell_mandarin,none
caa6c89eb527,ell_mandarin,none
9ee5685def87,ell_mandarin,none
80ab4c03969f,ell_mandarin,none
47a937a7d77f,ell_mandarin,chinese
5e5f41e76e14,ell_mandarin,none
b205dc1e8d47,ell_mandarin,none
84ee77b4cf0a,ell_mandarin,none
dd6e2cba2c95,ell_mandarin,none
760c1254f432,ell_mandarin,chinese
154966d0c2ef,ell_mandarin,chinese
ffecd4c791b8,ell_mandarin,chinese
db4545c7dbdb,ell_mandarin,none
6e12df9c4586,ell_mandarin,none
c2986b36a270,ell_mandarin,none
d9e17a182524,ell_mandarin,none
9134ef761adc,ell_mandarin,none
69744964805c,ell_mandarin,none
4e43068adf3a,ell_mandarin,none
e20af5ff4c5b,ell_mandarin,none
3bc3146efa99,ell_mandarin,none
43704f520b43,ell_mandarin,chinese
3ebf04c3c0da,ell_mandarin,none
4766f5d43347,ell_mandarin,none
0212b60d3bfa,ell_mandarin,none
5f302955e9c0,ell_mandarin,none
0f2257b26e7c,ell_mandarin,none
a284d8f2d671,ell_mandarin,none
bce677520826,ell_mandarin,chinese
734fa6c6cd0a,ell_mandarin,none
fd1375cb3e06,ell_mandarin,none
a1891952dc06,ell_mandarin,none
f82813bd0e14,ell_mandarin,none
4e8fce0df8ac,ell_mandarin,none
b151cb3f0d32,ell_mandarin,none
b21cb91675e5,ell_mandarin,none
e0c5d22fa4eb,ell_mandarin,none
733f4f3a1b1e,ell_mandarin,none
276afc3d788b,ell_mandarin,none
ea209ec40273,ell_mandarin,chinese
3b523acd39be,ell_mandarin,chinese
275f617dcc69,ell_mandarin,chinese
b1301ca2a04d,ell_mandarin,none
a25b564f7ef3,ell_mandarin,none
f994b74340d1,ell_mandarin,none
7b283cc0135a,ell_mandarin,none
913ee46f94a3,ell_mandarin,none
aac128aef1ad,ell_mandarin,none
9b8ab0e2b9d3,ell_mandarin,none
0ede18d666ff,ell_mandarin,none
cba8affbddd6,ell_mandarin,none
8e81fedc960c,ell_mandarin,chinese
3cff1ab3c267,ell_mandarin,chinese
c5550aa64b43,ell_mandarin,chinese
563c352c0db0,ell_mandarin,none
96beeca07936,ell_mandarin,none
acc0dfca741f,ell_mandarin,none
d22b29ec64f6,ell_mandarin,none
91dde2600f11,ell_mandarin,none
627b50681836,ell_mandarin,none
497375ccde15,ell_mandarin,none
0c196b8c0ba3,ell_mandarin,none
419c1e2fa72d,ell_mandarin,none
9991b76c2b17,ell_mandarin,none
92c618dd2831,ell_mandarin,none
ae76d71bd126,ell_mandarin,none
4ec1af152309,ell_mandarin,none
995e6fa86be2,ell_mandarin,none
cb408506ab06,ell_mandarin,none
925523a5ce2f,ell_mandarin,none
2f8e0d1c5867,ell_mandarin,chinese
4c80c0e89721,ell_mandarin,chinese
7986c507fe99,ell_mandarin,none
62decea47d3a,ell_mandarin,none
0f7f284e8a68,ell_mandarin,none
92040f5d504a,ell_mandarin,none
a8bc7e28acc2,ell_mandarin,none
ac0a59b9846d,ell_mandarin,none
bda5cc525c0a,ell_spanish,hispanic
282fac4074e3,ell_spanish,none
1b6f3f3326c7,ell_mandarin,none
f106d1b2fd94,ell_mandarin,none
78fad97dfa99,ell_mandarin,none
3faa533955e1,ell_mandarin,hispanic
4c7c20f2d85e,ell_mandarin,anglo_other
9eab21d53951,ell_mandarin,none
e26fec7bf6a5,ell_mandarin,none
e06e261ae91c,ell_mandarin,none
a9c2c9e2f764,ell_mandarin,none
e76c9b4b3554,ell_mandarin,none
e234be6d7d49,ell_mandarin,anglo_other
a950cc3d535b,ell_mandarin,none
d50a4711acee,ell_mandarin,none
13588a1d8ad1,ell_mandarin,anglo_other
5a157d20571a,ell_mandarin,none
bbb3b9a1c325,ell_mandarin,none
30b88bb676a9,ell_mandarin,none
ff1daa2b0143,ell_mandarin,none
8d08f717dace,ell_mandarin,none
6c468689f754,ell_mandarin,none
e725cd9499cf,ell_mandarin,none
ac5ea7565f35,ell_mandarin,none
cbd4e2360e62,ell_mandarin,none
ab77740de521,ell_mandarin,none
0dd3ed3cb4c1,ell_mandarin,none
a24e033ef0db,ell_mandarin,none
4cc8cd0df895,ell_mandarin,chinese
c949dca59572,ell_mandarin,none
cba74c519dbd,ell_mandarin,none
3f66dc35939e,control,none
2e286efc9171,control,none
579a02a5db2f,control,none
78c411af326a,control,none
235aa6fa9432,control,none
aa879f1eb12c,control,none
99ad051d6f89,control,none
d9e7afaa60c9,control,none
7af8736a8f81,control,none
c27a24ea52a0,control,none
41890787e5b7,control,anglo_other
01424a632e5a,control,anglo_other
ccc52d8bf22e,control,none
3791c5a17832,control,none
c84f326a38aa,control,none
c3ecc9b4fc03,control,none
497836b1caec,control,anglo_other
e48776d2191f,control,none
8adaa68d3006,control,none
52bcc6a05eb2,control,none
e0ba4432239a,control,none
5e4b0352cf99,control,none
b1c4430b6470,control,none
f75ca2dc6e6f,control,none
f13c409ac9e9,control,none
44b1fbba2b94,control,none
895ef873e60e,ell_mandarin,none
86876fc9f826,ell_mandarin,none
81e20b463682,control,none
65f17f0867b7,control,none
543f5c6eb692,control,none
b53e414d37ea,control,none
802d3c5974e9,control,none
a98f2d9c4833,control,anglo_other
afac55564086,control,none
89e345e01da0,control,anglo_other
492ba012947f,control,none
111831e77823,control,none
06e1b581f66c,control,none
0f3e8f999048,control,none
19ad3275cace,control,anglo_other
dd337c275d87,control,none
4e5e03d679c0,control,none
5b7209fabb0c,control,none
fc2bf21a8ff3,control,none
1d97fddb95d6,control,none
9aa8b9bcd733,multilingual,none
4d73080c6912,multilingual,none
324f251906f9,multilingual,hispanic
09075c642a25,multilingual,none
49109f2d90d2,multilingual,hispanic
784d5a3998eb,multilingual,hispanic
66f389dc1467,multilingual,none
06c193b4e69b,multilingual,none
c4554ff8640f,multilingual,none
686d0b07f93c,multilingual,hispanic
5369ed7bec39,multilingual,hispanic
79a9277755ca,multilingual,none
ac5ed80c311c,multilingual,hispanic
56c003073442,multilingual,none
890d095b8881,multilingual,anglo_other
e0478288b70f,multilingual,none
5d454ac43646,multilingual,anglo_other
383bd184512a,multilingual,none
261c0678ada1,multilingual,none
16faf2e23468,multilingual,none
0c0e871633ac,multilingual,none
f0901b5f5c7e,multilingual,none
c129efca118c,multilingual,none
7cc03716d148,multilingual,none
0b8feb3e7fe9,multilingual,none
87d3f6abb772,multilingual,none
9a731c8d4d18,multilingual,none
a4d5885eeeac,multilingual,none
db47931ecabd,multilingual,hispanic
6eb2b07f83cf,multilingual,hispanic
e04eaaadf489,multilingual,none
952d491129b0,multilingual,hispanic
1e2e3e9f9ed3,multilingual,hispanic
89c90f5c1747,multilingual,none
df1553db5c32,multilingual,none
5e1b1b4cc453,multilingual,none
4fe1b02dee14,multilingual,none
fd4fe48dcb53,multilingual,none
c66e12b2d621,multilingual,hispanic
49c9d997326f,multilingual,none
745c8b907df9,multilingual,none
19cba938fb0a,multilingual,none
2b664d152d7e,ell_spanish,none
7cd4e43bcb65,ell_spanish,none
9b6669c5251a,ell_spanish,none
7acc1b42fa31,ell_spanish,hispanic
f4e1f8449ac7,ell_spanish,hispanic
a5ebc1049810,ell_spanish,hispanic
8e0948c80d96,ell_spanish,none
d30161580d07,ell_spanish,none
98fb55fd2422,ell_spanish,none
39a1c5b993e3,ell_spanish,hispanic
b9d0564312fb,ell_spanish,hispanic
e7769ae46a75,ell_spanish,hispanic
61aae90534e8,ell_spanish,none
65c8de8e6c9f,ell_spanish,hispanic
a9c916231fdb,ell_spanish,none
9c26395790d1,ell_spanish,none
a36b11dbb21f,ell_spanish,none
f55e4fde71f8,ell_spanish,none
16bf9b260e18,ell_spanish,hispanic
1363fcca10fe,ell_spanish,none
105393d15443,ell_spanish,hispanic
118007ee9de6,ell_spanish,none
52d5331a8bc0,ell_spanish,none
9815c5550f87,ell_spanish,none
d12341c335dc,ell_spanish,hispanic
c7ad6b802b4a,ell_spanish,hispanic
f8daec2a2a16,ell_spanish,hispanic
740ac6d3ed9b,ell_spanish,none
1f847d7010e6,ell_spanish,none
ed2d95fc3309,ell_spanish,none
702bdbe080a4,ell_spanish,none
add715122b3a,ell_spanish,none
5cd477644556,ell_spanish,hispanic
f45c73852e46,ell_spanish,hispanic
c6ab42105f92,ell_spanish,hispanic
2b5dc5a6b923,ell_spanish,none
39d7947780d8,ell_spanish,none
5610d786f2d2,ell_spanish,none
dec603567b13,ell_spanish,hispanic
8fab9f6ea172,ell_spanish,hispanic
4e553ac2dfd3,ell_spanish,none
f58b00f2ba6d,ell_spanish,none
9e6c58bd2fe8,ell_spanish,none
b99bbd0c9baa,ell_mandarin,none
b1e52dbd06c5,ell_mandarin,none
f85b05e0bcb0,ell_mandarin,none
23dc08ca1ddb,ell_mandarin,none
15ecc68e3de0,ell_mandarin,none
935dd450d9d7,ell_mandarin,none
67c888cda788,ell_mandarin,none
5566b495f1f1,ell_mandarin,none
8c2b06f76544,ell_mandarin,none
d5363e83b14e,ell_mandarin,none
a8358606a69d,ell_mandarin,anglo_other
14da741e331a,ell_mandarin,chinese
a05ebc90a792,ell_mandarin,none
1762e2ec2aa8,ell_mandarin,none
4f2d7ef3dc71,ell_mandarin,none
b3b8b5e1e1f9,ell_mandarin,none
f4e28216fdfb,ell_mandarin,none
484ecccc7078,ell_mandarin,none
884f01cc880d,ell_mandarin,none
70dc53bc5470,ell_mandarin,none
c813ae4e8122,ell_mandarin,none
5e6aa953e1db,ell_mandarin,none
33168702173d,ell_mandarin,none
e81918472698,ell_mandarin,none
06bd9e315da0,ell_mandarin,none
c7472a3573a0,ell_mandarin,none
fb09b50b3968,ell_mandarin,none
57fe3ee68d47,ell_mandarin,none
538758a2f628,ell_mandarin,none
2b70c235bc63,control,none
0abd7c0d9152,ell_mandarin,none
c7214c97742f,ell_mandarin,chinese
f9300d8275bc,ell_mandarin,none
086e543741ef,ell_mandarin,none
7bd2a0b2fb52,ell_mandarin,none
ddf08759e12b,ell_mandarin,none
9cb596a58b7c,ell_mandarin,none
7da134e75dd7,ell_mandarin,none
9edd9da97c3d,ell_mandarin,anglo_other
2bf768418232,ell_mandarin,none
0b403074d5d7,ell_mandarin,none
d4bc9f09cd56,ell_mandarin,none
7602f224abfb,ell_mandarin,none
06cb915652f8,ell_mandarin,none
e236050c7db1,control,none
8335fbaad488,control,none
7a7ef09ed49f,control,none
f3b65d64be3d,control,none
507edf0b5213,control,none
a4333ee9c469,control,none
8f43616e29b3,control,none
55c93e2c51e9,control,none
596354307713,control,none
2a689983f42c,control,none
fde57f806c1f,control,none
0145e256fff5,control,none
01ceb331f810,control,none
cd1c57621e7c,control,anglo_other
fab85a142539,control,none
90c5c27d315c,control,none
10bac1db4911,control,none
c9a5d0ef38d7,control,none
5a6e9b814d05,control,none
0ccef30e4593,control,none
a17586db7e0f,control,none
10ec297f15f0,control,none
e6a3093f56bf,control,none
451afd137ea7,control,none
7fc54787d1a2,control,none
540686dcd165,control,anglo_other
1527b4b76453,control,none
2be745aab408,control,none
4ab3c0269f75,control,none
f74694b2f1da,control,none
c73145ab3e24,control,none
d82d6bfae88a,control,none
7701fbacce61,control,none
727709bd6115,control,none
2cf2f117d97c,control,none
e982c39bfb21,control,none
02060934233c,control,none
a301c1ff0d60,control,none
2adf1104c2e9,control,none
48e985f0b8ad,multilingual,none
c232819738dd,multilingual,none
61b07bb5b0be,multilingual,none
207bce5b1d2b,multilingual,none
6eb8351a2073,multilingual,hispanic
d3c357622d34,multilingual,none
71d261bedfbf,multilingual,none
fef7c4102dec,multilingual,none
b9a80f6ff65b,multilingual,none
8493a0c4e7a9,multilingual,none
f3a569daae27,multilingual,none
274e4d69bf7e,multilingual,none
c36f5de9db40,multilingual,none
9633e6a36197,multilingual,none
1ec6ae830279,multilingual,none
9d9cd42a4e2a,multilingual,none
1645221ba688,multilingual,none
23e17c493624,multilingual,none
ed2daaa6724a,multilingual,none
595838433116,multilingual,none
f094f8f1302b,multilingual,none
ce42e981bc57,multilingual,none
eb19f288dfe7,multilingual,none
7bb3b9f0ce93,multilingual,none
3c4ffcc1ccfc,multilingual,none
72e3521f98f2,multilingual,none
105943e3cc70,multilingual,none
2e630a416496,multilingual,none
4fd3bd6c1d20,multilingual,none
e4c7881d561f,multilingual,none
de440ad77f0f,multilingual,none
a51d3d832182,multilingual,none
f2738477f960,multilingual,none
5390263a6654,multilingual,none
a48a5dee55a2,multilingual,none
8ab2356b07a1,multilingual,none
576f8103d829,multilingual,none
691e1699fab0,multilingual,none
3fdd841d9f37,multilingual,none
d744f72d66b5,multilingual,none
02a1a4e6c169,ell_spanish,none
0fb3beea5444,ell_spanish,none
3758e80cbd60,ell_spanish,hispanic
74b88be843e7,ell_spanish,none
729140f1e1ce,ell_spanish,none
abb0545ba6b2,ell_spanish,none
ffa9b4e87a03,ell_spanish,none
795b6c30207a,ell_spanish,none
544311d13ed9,ell_spanish,none
55f671a93563,ell_spanish,hispanic
d16efd4d2988,ell_spanish,none
64fee313b7df,ell_spanish,none
c52be6857529,ell_spanish,none
f109a6c55104,ell_spanish,none
387e61686ba2,ell_spanish,none
bdd91317cbab,ell_spanish,none
c59a8c70ad9a,ell_spanish,hispanic
25e3b2f5b037,ell_spanish,none
8bcac78c5934,ell_spanish,none
706eb395238b,ell_spanish,none
2007e9902671,ell_spanish,none
8c0902b928f4,ell_spanish,none
d5972edffb14,ell_spanish,none
886fc43c45ee,ell_spanish,none
3cb846204bcf,ell_spanish,none
6bf0823efa61,ell_spanish,none
cc1941d2af73,ell_spanish,none
3eb3dfd6498d,ell_spanish,none
995be6369ff5,ell_spanish,none
491a2f056a45,ell_spanish,hispanic
f6fb2b78ef7c,ell_spanish,hispanic
7aa462729ad1,ell_spanish,hispanic
e6b8d49ccb06,ell_spanish,none
0d77e09f5ee6,ell_spanish,none
86adf02769a0,ell_spanish,none
a045495991db,ell_spanish,none
15ed0ccbf624,ell_spanish,none
fd804d931910,ell_spanish,none
7198a2511e03,ell_spanish,none
f65f8d4503a9,ell_mandarin,none
0b4bdf5ff29a,ell_mandarin,none
6a3ad1c64822,ell_mandarin,none
3931d725945d,ell_mandarin,none
be549f1233f8,ell_mandarin,anglo_other
66c18a81b6f3,ell_mandarin,none
334f6cd50457,ell_mandarin,none
242164bcb52d,ell_mandarin,none
5a4dee1921b7,ell_mandarin,none
c2769907fdfd,ell_mandarin,none
302b9bf4c4d6,ell_mandarin,none
683530a5c336,ell_mandarin,none
ce809e6c481c,ell_mandarin,none
08047a3797f4,ell_mandarin,none
e331d6a67ade,ell_mandarin,none
5ffa48329df4,ell_mandarin,none
47cb7267a9a5,ell_mandarin,none
06834b7f1840,ell_mandarin,none
7e6015619baa,ell_mandarin,none
98654a51baaf,ell_mandarin,none
7124ef57257e,ell_mandarin,none
0b34cf41ff7b,ell_mandarin,none
c7820bcda355,ell_mandarin,none
cabc6a8d3e8b,ell_mandarin,none
3c70777559e9,ell_mandarin,none
6ddcd04ca09e,ell_mandarin,none
49fcab396f05,ell_mandarin,none
ec41ef0ed8ca,ell_mandarin,none
0a64edcb32b9,ell_mandarin,none
8a2219a03c13,ell_mandarin,none
e0963d224ef2,ell_mandarin,none
f26280f4badb,ell_mandarin,none
6a429ab5152f,ell_mandarin,none
560ad9bb3463,ell_mandarin,none
13b414520a77,ell_mandarin,none
