id,correctness,difficulty_alignment,clarity,pedagogical_soundness,cultural_neutrality
e11462f417f8,5,5,4.0,5,5
4c2b5606d78f,5,5,5.0,5,5
5a3a6b2dce14,5,5,5.0,5,5
9c75247e606f,5,5,4.0,5,5
6b5be9470fb4,5,5,5.0,5,5
546203dabb72,5,5,5.0,5,5
16f39b560197,5,5,5.0,5,5
ac6b7036c975,5,5,5.0,5,5
9e3b7542ed51,5,5,5.0,5,5
758f6b9dbea5,5,5,5.0,5,5
3fea0326ac80,5,5,5.0,5,5
26efbb41ace0,5,5,5.0,5,5
73e6253cf0cc,5,5,5.0,5,2
11ecd67001f5,5,5,5.0,5,5
c037d93079e3,5,5,5.0,5,5
bd2c3f7449f3,5,5,5.0,5,5
2ee0a69147ab,5,5,4.0,5,5
1ca707a35c1a,5,5,5.0,5,5
7675471339be,5,5,5.0,5,2
f42ccdc7aa58,5,5,,5,5
04db9e7fbd75,5,5,5.0,5,5
04f3c9f82d55,5,5,5.0,5,5
ff2de5e934a6,5,5,5.0,5,5
3d1f37980b49,5,5,5.0,5,5
f7e6a584031c,5,5,5.0,5,5
4e43068adf3a,5,5,5.0,5,5
3ba89fb37432,5,5,5.0,5,3
21986462f40f,5,5,5.0,5,5
736ab98fc4c4,5,5,5.0,5,5
bd3d383e3b88,5,5,5.0,5,5
8fa72da3af32,5,5,5.0,5,5
f59ce624495b,1,5,5.0,5,5
a393afb59e7b,5,5,5.0,5,5
6de2fea81bba,5,5,5.0,5,5
7f8956695a1f,5,5,5.0,5,5
bf78c1581bfc,5,5,5.0,5,5
50e07f1ffd30,5,5,5.0,5,5
2fb192598b1a,5,5,5.0,5,5
5e5f41e76e14,5,5,5.0,5,5
85df044da621,5,5,5.0,5,5
216a16e3edfc,5,5,5.0,5,5
e575697bad0f,5,5,5.0,5,5
dbb26dedb348,5,5,5.0,5,5
43704f520b43,5,5,5.0,5,5
d0db2243d6b4,5,5,5.0,5,5
c570d0413459,5,5,5.0,5,5
5af7eb4b9509,5,5,5.0,5,5
ea94fc29c209,5,5,5.0,5,5
84b1c826b0fd,5,5,5.0,5,5
1bbb7dd079d9,5,5,5.0,5,5
ea4ba080b903,5,5,5.0,5,5
928ffa72cf1e,5,5,5.0,5,5
9ee5685def87,5,5,5.0,5,5
d5c54b9dd6ae,5,5,5.0,5,5
a0cbe255004b,5,5,5.0,5,5
bb7c73079987,5,5,5.0,5,5
