id,level,language,paraphrase,model_family
46c0a6e40d9f,struggling,ell_mandarin,A,llama
b9a80f6ff65b,advanced,multilingual,A,llama
66c18a81b6f3,advanced,ell_mandarin,A,llama
6eb2b07f83cf,on_grade,multilingual,C,llama
a98f2d9c4833,on_grade,control,C,llama
560ad9bb3463,advanced,ell_mandarin,C,llama
f45c73852e46,on_grade,ell_spanish,C,llama
a1e7c35fc77f,struggling,multilingual,B,llama
30b88bb676a9,struggling,ell_mandarin,B,llama
538758a2f628,on_grade,ell_mandarin,C,llama
282fac4074e3,struggling,ell_spanish,C,llama
7a286a3c1d34,struggling,control,B,llama
55c93e2c51e9,advanced,control,A,llama
111831e77823,on_grade,control,C,llama
f74694b2f1da,advanced,control,C,llama
544ea7b72b50,struggling,ell_spanish,C,llama
de440ad77f0f,advanced,multilingual,C,llama
44b1fbba2b94,on_grade,control,B,llama
89c90f5c1747,on_grade,multilingual,C,llama
7cc03716d148,on_grade,multilingual,B,llama
b9d0564312fb,on_grade,ell_spanish,A,llama
7f98f2e78516,struggling,multilingual,C,llama
65c8de8e6c9f,on_grade,ell_spanish,A,llama
b3b8b5e1e1f9,on_grade,ell_mandarin,B,llama
15ecc68e3de0,on_grade,ell_mandarin,A,llama
56f53f27ec7e,struggling,ell_spanish,B,llama
abb0545ba6b2,advanced,ell_spanish,A,llama
c5fabaa5aaa5,struggling,control,C,llama
